{
  "title": "Mathematics - Fractions & Decimals",
  "questions": [
    {
      "question": "What is the decimal form of 3/4?",
      "options": ["0.5", "0.75", "0.25", "1.25"],
      "answer": "0.75"
    },
    {
      "question": "Simplify the fraction 8/12.",
      "options": ["4/6", "2/3", "1/2", "3/4"],
      "answer": "2/3"
    },
    {
      "question": "What is 0.2 as a fraction?",
      "options": ["1/5", "1/2", "2/5", "1/4"],
      "answer": "1/5"
    },
    {
      "question": "What is 2/5 + 1/10?",
      "options": ["1/2", "4/5", "3/10", "1"],
      "answer": "1/2"
    },
    {
      "question": "What is 0.8 minus 0.3?",
      "options": ["0.5", "0.4", "0.3", "0.6"],
      "answer": "0.5"
    }
  ]
}
